Model,R2 Score,RMSE
Random Forest,0.7475778944736753,1.562519777145184
XGBoost,0.847335614566545,1.2151522556362575
